{"loss": 0.1712111234664917, "lr": 0.00096875, "epoch": 1, "_timestamp": 1696414264.4138598, "_runtime": 4752.2166867256165, "_step": 1512, "train_samples": {"_type": "images/separated", "width": 16, "height": 16, "format": "png", "count": 30, "filenames": ["media/images/train_samples_894_74272033b5682be58bcb.png", "media/images/train_samples_894_f9b448047057ed9d1eb8.png", "media/images/train_samples_894_b04e795f8365be5ca696.png", "media/images/train_samples_894_f9c93103d639bf98f951.png", "media/images/train_samples_894_dcf7e502e04844f75820.png", "media/images/train_samples_894_df97df5a6e291c256bea.png", "media/images/train_samples_894_8ea69d2e906eea63227e.png", "media/images/train_samples_894_117d50af150cc08eedee.png", "media/images/train_samples_894_fdb69605766247ea34e5.png", "media/images/train_samples_894_222e6bf3a9d3d6d7e050.png", "media/images/train_samples_894_44212b8a3ff02386552f.png", "media/images/train_samples_894_80d432a109c469616818.png", "media/images/train_samples_894_62ae808971f83b64dc7f.png", "media/images/train_samples_894_ae7d091eefd26ad8e876.png", "media/images/train_samples_894_d3f5fc7ce8371696cdf9.png", "media/images/train_samples_894_fe0e55f8338a2d3c0446.png", "media/images/train_samples_894_e7f472983513cf77a2fa.png", "media/images/train_samples_894_b666a9793fe049d0f1a6.png", "media/images/train_samples_894_975f8522f55ecad2d77c.png", "media/images/train_samples_894_1816da30d03d79dfae5f.png", "media/images/train_samples_894_1b2e641016aaaab1be08.png", "media/images/train_samples_894_b99b29a7516e9ad162bb.png", "media/images/train_samples_894_0b5bec435dd6efa47c82.png", "media/images/train_samples_894_d474803024401710b198.png", "media/images/train_samples_894_300f7497b047a7f25749.png", "media/images/train_samples_894_a3b3fa3a330985daf305.png", "media/images/train_samples_894_74ef750a8aeba7beef6b.png", "media/images/train_samples_894_68ccac8a54d8dc8295a8.png", "media/images/train_samples_894_702bdf9a8c309efa6fb7.png", "media/images/train_samples_894_96c7138b598d2388123c.png"]}}